campo;marcas;patron;curva;par1;par2;par3;par4;par5;par6;par7;par8;par9;par10;par11;par12;par13;par14;par15;par16;par17;par18;dis1;dis2;dis3;dis4;dis5;dis6;dis7;dis8;dis9;dis10;dis11;dis12;dis13;dis14;dis15;dis16;dis17;dis18;ven1;ven2;ven3;ven4;ven5;ven6;ven7;ven8;ven9;ven10;ven11;ven12;ven13;ven14;ven15;ven16;ven17;ven18
Aposentos;Azules;70.6;128;4;5;3;4;4;3;5;4;4;4;3;4;3;5;4;3;4;5;316;519;173;480;362;214;483;424;400;344;190;337;173;566;415;147;372;475;10;14;18;2;12;6;16;4;8;7;13;9;11;1;3;17;5;15
Aposentos;Blancas;68.3;127;4;5;3;4;4;3;5;4;4;4;3;4;3;5;4;3;4;5;316;489;145;421;328;183;472;410;360;307;178;327;159;509;415;127;361;475;10;14;18;2;12;6;16;4;8;7;13;9;11;1;3;17;5;15
Aposentos;Rojas;69.4;130;4;5;3;4;4;3;5;4;4;4;3;4;3;5;4;3;4;5;313;461;107;397;290;152;444;376;297;252;151;254;129;407;327;96;265;372;10;14;18;2;12;6;16;4;8;7;13;9;11;1;3;17;5;15
Carmel;Azules;60.9;131;3;3;4;4;5;5;4;4;3;4;4;3;4;5;3;4;4;4;193;221;381;351;502;568;407;365;215;419;335;190;404;490;183;389;379;396;17;13;7;9;3;1;5;11;15;6;14;16;8;2;18;10;12;4
Carmel;Blancas;67.5;128;3;3;4;4;5;5;4;4;3;4;4;3;4;5;3;4;4;4;180;201;360;345;495;559;384;356;193;389;327;182;375;482;171;363;365;379;17;13;7;9;3;1;5;11;15;6;14;16;8;2;18;10;12;4
Carmel;Rojas;69.9;131;3;3;4;4;5;5;4;4;3;4;4;3;4;5;3;4;4;4;161;166;325;316;482;501;355;323;174;370;287;132;309;459;124;318;359;302;17;13;7;9;3;1;5;11;15;6;14;16;8;2;18;10;12;4
CC Armenia;Azules;70.1;124;4;3;5;4;3;5;3;4;4;4;4;5;4;3;4;3;5;4;351;143;551;370;206;474;228;446;370;419;401;534;369;221;383;162;475;414;13;17;1;7;15;9;11;3;5;6;14;2;16;10;12;18;8;4
CC Armenia;B/R;74.6;142;4;3;5;4;3;5;3;4;4;4;4;5;4;3;4;3;5;4;296;127;507;345;175;460;208;400;353;396;359;484;358;206;322;122;450;399;13;17;1;7;15;9;11;3;5;6;14;2;16;10;12;18;8;4
CC Armenia;Blancas;67.9;122;4;3;5;4;3;5;3;4;4;4;4;5;4;3;4;3;5;4;296;127;507;345;175;472;208;400;353;396;359;484;372;206;322;122;450;406;13;17;1;7;15;9;11;3;5;6;14;2;16;10;12;18;8;4
CC Armenia;Doradas;65.1;114;4;3;5;4;3;5;3;4;4;4;4;5;4;3;4;3;5;4;267;124;459;315;150;412;195;337;283;359;301;439;335;194;305;110;428;377;13;17;1;7;15;9;11;3;5;6;14;2;16;10;12;18;8;4
CC Armenia;Rojas;70.5;133;4;3;5;4;3;5;3;4;4;4;4;5;4;3;4;3;5;4;266;127;460;315;151;412;190;337;283;359;301;459;345;196;305;110;428;332;13;17;1;7;15;9;11;3;5;6;14;2;16;10;12;18;8;4
CC Bucaramanga;Azules;70.5;136;4;3;4;5;4;4;3;5;4;3;4;4;5;4;4;3;5;4;406;174;354;589;355;392;206;525;333;185;405;334;493;307;367;195;468;341;5;17;15;1;13;7;9;3;11;8;2;14;6;12;10;8;4;16
CC Bucaramanga;Blancas;69.4;132;4;3;4;5;4;4;3;5;4;3;4;4;5;4;4;3;5;4;395;151;345;570;292;376;193;496;321;171;366;328;483;300;356;146;455;330;5;17;15;1;13;7;9;3;11;8;2;14;6;12;10;8;4;16
CC Bucaramanga;B/R;74.8;134;4;3;4;5;4;4;3;5;4;3;4;4;5;4;4;3;5;4;395;151;345;570;292;376;193;496;321;171;366;328;483;300;356;146;455;330;5;17;15;1;13;7;9;3;11;8;2;14;6;12;10;8;4;16
CC Bucaramanga;Rojas;71.2;129;4;3;4;5;4;4;3;5;4;3;4;4;5;4;4;3;5;4;380;144;322;530;257;330;154;421;289;152;317;274;465;283;309;138;427;287;5;17;15;1;13;7;9;3;11;8;2;14;6;12;10;8;4;16
Casa de Campo;Azules;74.4;140;5;4;3;4;3;4;5;3;5;5;4;3;4;3;4;5;3;5;623;444;198;458;151;403;563;192;591;623;444;198;458;151;403;563;192;591;3;9;13;1;17;11;7;15;5;4;10;14;2;18;12;8;16;6
Casa de Campo;Blancas;72.9;125;5;4;3;4;3;4;5;3;5;5;4;3;4;3;4;5;3;5;623;425;181;423;140;377;542;180;567;623;425;181;423;140;377;542;180;567;3;9;13;1;17;11;7;15;5;4;10;14;2;18;12;8;16;6
Casa de Campo;B/R;79;146;5;4;3;4;3;4;5;3;5;5;4;3;4;3;4;5;3;5;623;425;181;423;140;377;542;180;567;623;425;181;423;140;377;542;180;567;3;9;13;1;17;11;7;15;5;4;10;14;2;18;12;8;16;6
Casa de Campo;Rojas;74;137;5;4;3;4;3;4;5;3;5;5;4;3;4;3;4;5;3;5;602;342;150;383;118;333;505;142;522;602;342;150;383;118;333;505;142;522;3;9;13;1;17;11;7;15;5;4;10;14;2;18;12;8;16;6
CC Cali;Amarillas;67.6;133;4;5;4;3;4;3;4;5;4;3;4;4;5;3;4;4;4;4;370;485;339;145;386;150;325;501;364;193;298;300;441;176;346;333;299;364;13;3;11;15;7;17;9;1;5;18;8;12;2;16;10;6;14;4
CC Cali;Azules;74.2;146;4;5;4;3;4;3;4;5;4;3;4;4;5;3;4;4;4;4;399;560;403;208;455;169;430;599;469;222;383;372;502;195;428;399;354;439;13;3;11;15;7;17;9;1;5;18;8;12;2;16;10;6;14;4
CC Cali;Blancas;71.1;142;4;5;4;3;4;3;4;5;4;3;4;4;5;3;4;4;4;4;380;520;367;179;425;156;347;557;421;201;331;350;485;190;403;388;343;399;13;3;11;15;7;17;9;1;5;18;8;12;2;16;10;6;14;4
CC Cali;B/R;77.2;146;4;5;4;3;4;3;4;5;4;3;4;4;5;3;4;4;4;4;380;520;367;179;425;156;347;557;421;201;331;350;485;190;403;388;343;399;13;3;11;15;7;17;9;1;5;18;8;12;2;16;10;6;14;4
CC Cali;Rojas;72.9;135;4;5;4;3;4;3;4;5;4;3;4;4;5;3;4;4;4;4;369;481;332;140;386;144;321;498;361;187;292;300;438;176;343;330;299;364;13;3;11;15;7;17;9;1;5;18;8;12;2;16;10;6;14;4
CC Cartagena;Amarillas;65.3;116;4;4;3;4;4;5;4;3;5;5;4;3;4;3;4;5;4;4;337;295;126;281;300;412;320;132;442;435;364;138;238;148;301;499;320;341;11;13;9;3;15;1;5;17;7;8;6;18;14;10;16;2;12;4
CC Cartagena;Azules;72.7;135;4;4;3;4;4;5;4;3;5;5;4;3;4;3;4;5;4;4;402;375;208;428;320;554;424;180;505;545;408;175;386;207;375;556;392;398;11;13;9;3;15;1;5;17;7;8;6;18;14;10;16;2;12;4
CC Cartagena;Blancas;70.4;134;4;4;3;4;4;5;4;3;5;5;4;3;4;3;4;5;4;4;358;351;196;408;315;532;402;159;472;524;372;165;369;178;361;498;365;378;11;13;9;3;15;1;5;17;7;8;6;18;14;10;16;2;12;4
CC Cartagena;B/R;77.9;140;4;4;3;4;4;5;4;3;5;5;4;3;4;3;4;5;4;4;358;358;196;408;365;532;402;159;472;524;351;196;369;178;361;509;365;378;11;13;9;3;15;1;5;17;7;8;6;18;14;10;16;2;12;4
CC Cartagena;Rojas;70.5;125;4;4;3;4;4;5;4;3;5;5;4;3;4;3;4;5;4;4;337;295;126;281;300;412;320;132;442;435;364;138;238;148;301;499;320;341;11;13;9;3;15;1;5;17;7;8;6;18;14;10;16;2;12;4
CC Ibague;Amarillas;66.7;123;4;3;4;5;4;4;5;3;4;4;3;4;4;3;4;4;4;5;342;160;341;477;343;309;470;154;315;237;190;287;344;170;369;341;330;415;5;7;13;9;3;15;1;17;11;14;6;12;4;8;10;16;18;2
CC Ibague;Azules;72.7;144;4;3;4;5;4;4;5;3;4;4;3;4;4;3;4;4;4;5;372;204;405;524;443;426;491;159;380;350;208;376;396;212;393;364;414;514;5;7;13;9;3;15;1;17;11;14;6;12;4;8;10;16;18;2
CC Ibague;Blancas;70.3;136;4;3;4;5;4;4;5;3;4;4;3;4;4;3;4;4;4;5;358;169;394;493;415;352;484;155;368;337;195;358;385;194;371;352;373;483;5;7;13;9;3;15;1;17;11;14;6;12;4;8;10;16;18;2
CC Ibague;B/R;72.2;142;4;3;4;5;4;4;5;3;4;4;3;4;4;3;4;4;4;5;358;169;394;512;475;352;484;155;378;337;195;358;395;208;388;392;412;504;5;7;13;9;3;15;1;17;11;14;6;12;4;8;10;16;18;2
CC Ibague;Negras;64.5;121;4;3;4;5;4;4;5;3;4;4;3;4;4;3;4;4;4;5;336;128;333;477;343;304;366;149;315;237;125;260;319;130;279;341;330;396;5;7;13;9;3;15;1;17;11;14;6;12;4;8;10;16;18;2
CC Ibague;Rojas;70.9;130;4;3;4;5;4;4;5;3;4;4;3;4;4;3;4;4;4;5;336;123;333;477;343;304;470;149;315;237;190;280;338;164;363;341;330;406;5;7;13;9;3;15;1;17;11;14;6;12;4;8;10;16;18;2
CC Ibague;Verdes;66.6;130;4;3;4;5;4;4;5;3;4;4;3;4;4;3;4;4;4;5;300;128;291;420;315;275;350;126;309;229;122;250;309;130;279;282;308;350;5;7;13;9;3;15;1;17;11;14;6;12;4;8;10;16;18;2
CC Medellin;Azules;67.6;132;3;5;3;5;4;4;5;3;3;3;5;3;5;4;4;5;3;3;144;438;145;412;360;386;563;187;156;144;438;145;412;360;386;563;187;156;17;1;15;5;11;7;3;9;13;18;2;16;6;12;8;4;10;14
CC Medellin;Blancas;64.8;118;3;5;3;5;4;4;5;3;3;3;5;3;5;4;4;5;3;3;134;422;112;404;349;367;555;170;148;134;422;112;404;349;367;555;170;148;17;1;15;5;11;7;3;9;13;18;2;16;6;12;8;4;10;14
CC Medellin;B/R;71.1;131;3;5;3;5;4;4;5;3;3;3;5;3;5;4;4;5;3;3;116;412;134;419;367;382;518;180;135;116;412;134;419;367;382;518;180;135;17;1;15;5;11;7;3;9;13;18;2;16;6;12;8;4;10;14
CC Medellin;Rojas;67;130;3;5;3;5;4;4;5;3;3;3;5;3;5;4;4;5;3;3;110;388;129;329;317;281;494;139;129;110;388;129;329;317;281;494;139;129;17;1;15;5;11;7;3;9;13;18;2;16;6;12;8;4;10;14
Llano Grande;Amarillas;64.1;109;4;5;4;3;5;4;4;3;4;4;5;3;4;5;4;4;3;4;282;438;314;177;423;318;315;128;335;187;454;123;303;440;360;366;89;299;10;4;12;8;2;16;14;18;6;11;1;15;13;9;7;3;17;5
Llano Grande;Azules;73.3;137;4;5;4;3;5;4;4;3;4;4;5;3;4;5;4;4;3;4;382;552;429;234;602;423;403;156;383;297;566;189;379;540;448;458;166;413;10;4;12;8;2;16;14;18;6;11;1;15;13;9;7;3;17;5
Llano Grande;Blancas;69.7;131;4;5;4;3;5;4;4;3;4;4;5;3;4;5;4;4;3;4;318;514;374;204;541;380;367;154;357;251;530;175;355;500;414;411;143;362;10;4;12;8;2;16;14;18;6;11;1;15;13;9;7;3;17;5
Llano Grande;Rojas;72;139;4;5;4;3;5;4;4;3;4;4;5;3;4;5;4;4;3;4;292;479;342;173;497;333;345;128;337;192;486;146;333;460;365;374;129;320;10;4;12;8;2;16;14;18;6;11;1;15;13;9;7;3;17;5
CC Neiva;Azules;72;141;4;3;4;5;5;3;4;4;4;5;5;3;4;5;3;4;3;4;440;167;471;480;560;182;325;365;430;538;509;164;265;491;192;310;139;415;9;17;1;5;3;15;11;13;7;2;6;16;12;8;14;10;18;4
CC Neiva;Blancas;70.5;129;4;3;4;5;5;3;4;4;4;5;5;3;4;5;3;4;3;4;370;150;430;486;503;181;310;360;417;512;497;152;249;490;188;298;129;400;9;17;1;5;3;15;11;13;7;2;6;16;12;8;14;10;18;4
CC Neiva;B/R;75.8;134;4;3;4;5;5;3;4;4;4;5;5;3;4;5;3;4;3;4;323;150;430;486;517;175;324;376;430;530;488;150;250;476;187;294;129;410;9;17;1;5;3;15;11;13;7;2;6;16;12;8;14;10;18;4
CC Neiva;Rojas;71.5;127;4;3;4;5;5;3;4;4;4;5;5;3;4;5;3;4;3;4;310;110;365;426;443;171;300;340;367;434;447;140;235;440;172;286;120;336;9;17;1;5;3;15;11;13;7;2;6;16;12;8;14;10;18;4
CC Pereira;Azules;73.1;138;5;4;3;4;4;5;4;3;4;4;3;5;4;4;3;4;4;4;619;411;170;427;405;564;362;170;452;362;197;542;437;395;207;445;357;455;5;13;15;7;1;3;11;17;9;14;16;2;6;4;18;12;8;10
CC Pereira;Blancas Cab;70.8;136;5;4;3;4;4;5;4;3;4;4;3;5;4;4;3;4;4;4;589;365;155;399;380;537;362;155;410;338;182;528;422;381;176;412;338;418;5;13;15;7;1;3;11;17;9;14;16;2;6;4;18;12;8;10
CC Pereira;Blancas Dam;77.9;152;5;4;3;4;4;5;4;3;4;4;3;5;4;4;3;4;4;4;589;365;155;399;380;537;362;155;410;338;182;528;422;381;176;412;338;418;5;13;15;7;1;3;11;17;9;14;16;2;6;4;18;12;8;10
CC Pereira;B/R Cab;69;136;5;4;3;4;4;5;4;3;4;4;3;5;4;4;3;4;4;4;556;335;142;375;364;537;362;155;356;328;159;528;400;371;166;380;328;365;5;13;15;7;1;3;11;17;9;14;16;2;6;4;18;12;8;10
CC Pereira;B/R Dam;75.3;145;5;4;3;4;4;5;4;3;4;4;3;5;4;4;3;4;4;4;556;335;142;375;364;537;362;155;356;328;159;528;400;371;166;380;328;365;5;13;15;7;1;3;11;17;9;14;16;2;6;4;18;12;8;10
CC Pereira;Doradas Cab Senior;66;125;5;4;3;4;4;5;4;3;4;4;3;5;4;4;3;4;4;4;523;333;115;375;318;419;327;120;350;306;140;505;349;341;158;365;318;360;5;13;15;7;1;3;11;17;9;14;16;2;6;4;18;12;8;10
CC Pereira;Fucsia Cab;66.9;115;5;4;3;4;4;5;4;3;4;4;3;5;4;4;3;4;4;4;450;271;90;260;273;400;285;115;308;328;159;528;400;371;166;380;328;365;5;13;15;7;1;3;11;17;9;14;16;2;6;4;18;12;8;10
CC Pereira;Fucsia Dam;71.8;132;5;4;3;4;4;5;4;3;4;4;3;5;4;4;3;4;4;4;450;271;90;260;273;400;285;115;308;328;159;528;400;371;166;380;328;365;5;13;15;7;1;3;11;17;9;14;16;2;6;4;18;12;8;10
CC Pereira;B/R Super senior;65.9;121;5;4;3;4;4;5;4;3;4;4;3;5;4;4;3;4;4;4;523;333;115;375;318;419;327;120;350;306;140;505;349;341;158;365;318;360;5;13;15;7;1;3;11;17;9;14;16;2;6;4;18;12;8;10
CC Pereira;Rojas Dam;76.1;137;5;4;3;4;4;5;4;3;4;4;3;5;4;4;3;4;4;4;523;333;115;375;318;419;327;120;350;306;140;505;349;341;158;365;318;360;5;13;15;7;1;3;11;17;9;14;16;2;6;4;18;12;8;10
CC Popayan;Azules;70.3;128;4;4;3;5;4;3;4;3;5;4;4;3;5;4;3;4;3;5;235;269;127;584;340;205;378;193;536;235;269;127;584;340;205;378;193;536;5;13;17;1;11;15;9;7;3;6;14;18;2;12;16;10;8;4
CC Popayan;Blancas;68;132;4;4;3;5;4;3;4;3;5;4;4;3;5;4;3;4;3;5;225;262;121;561;301;182;355;183;480;225;262;121;561;301;182;355;183;480;5;13;17;1;11;15;9;7;3;6;14;18;2;12;16;10;8;4
CC Popayan;B/R;72.3;139;4;4;3;5;4;3;4;3;5;4;4;3;5;4;3;4;3;5;225;262;121;561;301;182;355;183;480;225;262;121;561;301;182;355;183;480;5;13;17;1;11;15;9;7;3;6;14;18;2;12;16;10;8;4
CC Popayan;Rojas;66.9;118;4;4;3;5;4;3;4;3;5;4;4;3;5;4;3;4;3;5;197;238;102;443;225;131;254;140;384;197;238;102;443;225;131;254;140;384;5;13;17;1;11;15;9;7;3;6;14;18;2;12;16;10;8;4
Club Manizales;Amarillas;66.1;113;4;3;4;4;5;4;5;3;4;5;3;4;4;3;5;4;4;4;337;133;308;298;427;282;494;135;333;442;149;352;334;122;410;320;334;312;10;16;6;8;4;12;2;14;18;3;13;1;7;17;5;15;9;11
Club Manizales;Azules;71.5;138;4;3;4;4;5;4;5;3;4;5;3;4;4;3;5;4;4;4;379;187;413;355;534;349;552;186;390;573;166;422;380;187;496;387;387;403;10;16;6;8;4;12;2;14;18;3;13;1;7;17;5;15;9;11
Club Manizales;Blancas;69.6;127;4;3;4;4;5;4;5;3;4;5;3;4;4;3;5;4;4;4;349;150;400;329;508;340;526;161;377;560;157;408;335;177;461;330;373;384;10;16;6;8;4;12;2;14;18;3;13;1;7;17;5;15;9;11
Club Manizales;B/R;77.2;141;4;3;4;4;5;4;5;3;4;5;3;4;4;3;5;4;4;4;349;150;400;329;508;340;526;161;377;560;157;408;335;177;461;330;373;384;10;16;6;8;4;12;2;14;18;3;13;1;7;17;5;15;9;11
Club Manizales;Rojas;70.4;126;4;3;4;4;5;4;5;3;4;5;3;4;4;3;5;4;4;4;330;136;310;298;421;293;484;140;336;420;150;340;344;111;410;310;320;310;10;16;6;8;4;12;2;14;18;3;13;1;7;17;5;15;9;11
Club Militar;Amarillas;67.9;123;4;4;5;3;4;3;5;4;4;4;3;4;4;5;4;4;3;5;394;304;474;155;385;158;485;377;416;401;171;291;340;485;299;340;151;494;7;9;1;15;5;17;11;13;3;2;4;16;14;10;12;8;18;6
Club Militar;Azules;71.6;135;4;4;5;3;4;3;5;4;4;4;3;4;4;5;4;4;3;5;428;338;535;176;423;187;507;406;440;423;211;320;368;519;321;371;185;537;7;9;1;15;5;17;11;13;3;2;4;16;14;10;12;8;18;6
Club Militar;Blancas;71;131;4;4;5;3;4;3;5;4;4;4;3;4;4;5;4;4;3;5;405;317;527;162;401;175;491;388;418;403;182;301;349;498;307;352;164;507;7;9;1;15;5;17;11;13;3;2;4;16;14;10;12;8;18;6
Club Militar;B/R;78;145;4;4;5;3;4;3;5;4;4;4;3;4;4;5;4;4;3;5;402;320;527;162;404;147;491;388;427;408;171;326;357;503;308;365;165;506;7;9;1;15;5;17;11;13;3;2;4;16;14;10;12;8;18;6
Club Militar;Negras;62;113;4;4;5;3;4;3;5;4;4;4;3;4;4;5;4;4;3;5;306;290;445;135;298;129;434;307;303;310;120;266;332;440;293;305;137;455;7;9;1;15;5;17;11;13;3;2;4;16;14;10;12;8;18;6
Club Militar;Rojas;74.8;140;4;4;5;3;4;3;5;4;4;4;3;4;4;5;4;4;3;5;380;298;460;141;380;147;476;369;369;388;151;274;299;476;290;337;146;489;7;9;1;15;5;17;11;13;3;2;4;16;14;10;12;8;18;6
Club Militar;Verdes;64.4;130;4;4;5;3;4;3;5;4;4;4;3;4;4;5;4;4;3;5;270;270;380;122;258;114;350;270;289;270;137;248;317;375;255;287;120;370;7;9;1;15;5;17;11;13;3;2;4;16;14;10;12;8;18;6
Jaraguay;Azules;70.4;144;4;4;5;5;3;4;3;4;4;4;4;5;5;3;4;3;4;4;351;319;470;473;167;310;201;360;370;351;319;470;473;167;310;201;360;370;5;9;3;1;17;13;15;11;7;6;10;4;2;18;14;16;12;8
Jaraguay;Blancas;67.8;140;4;4;5;5;3;4;3;4;4;4;4;5;5;3;4;3;4;4;336;306;450;457;144;290;197;307;357;336;306;450;457;144;290;197;307;357;5;9;3;1;17;13;15;11;7;6;10;4;2;18;14;16;12;8
Jaraguay;Rojas;69.8;135;4;4;5;5;3;4;3;4;4;4;4;5;5;3;4;3;4;4;298;300;431;447;140;275;167;287;309;298;300;431;447;140;275;167;287;309;5;9;3;1;17;13;15;11;7;6;10;4;2;18;14;16;12;8
Corpoalbania;Blancas;66.4;128;4;4;3;4;5;4;3;4;4;4;4;3;4;5;4;3;4;4;361;280;175;428;526;350;123;340;300;361;280;175;428;526;350;123;340;300;13;11;15;7;1;9;17;3;5;14;12;16;8;2;10;18;4;6
Corpoalbania;Rojas;68.2;127;4;4;3;4;5;4;3;4;4;4;4;3;4;5;4;3;4;4;338;259;115;364;490;290;95;286;291;338;259;115;364;490;290;95;286;291;13;11;15;7;1;9;17;3;5;14;12;16;8;2;10;18;4;6
Karibana;Azules;71.3;128;4;5;3;4;3;4;4;5;4;5;3;4;5;3;4;4;3;5;389;518;143;380;168;436;416;531;384;509;156;448;556;176;250;498;127;509;11;3;9;17;15;5;1;13;7;8;14;10;2;12;18;4;16;6
Karibana;Blancas;68.6;111;4;5;3;4;3;4;4;5;4;5;3;4;5;3;4;4;3;5;363;484;127;359;145;414;393;484;357;476;150;412;524;163;225;467;109;496;11;3;9;17;15;5;1;13;7;8;14;10;2;12;18;4;16;6
Karibana;Negras;73.8;135;4;5;3;4;3;4;4;5;4;5;3;4;5;3;4;4;3;5;447;551;168;406;183;474;442;565;421;544;175;473;588;201;284;525;140;519;11;3;9;17;15;5;1;13;7;8;14;10;2;12;18;4;16;6
Karibana;Rojas;69.4;112;4;5;3;4;3;4;4;5;4;5;3;4;5;3;4;4;3;5;295;379;114;304;123;330;309;462;278;425;126;303;398;144;188;329;95;431;11;3;9;17;15;5;1;13;7;8;14;10;2;12;18;4;16;6
Country Club de Bquilla;Amarillas;66.4;113;4;4;3;5;4;4;5;3;4;4;5;4;3;4;4;4;3;5;342;352;140;383;343;310;393;157;300;362;443;305;132;290;300;315;160;472;13;3;17;9;7;11;5;15;1;2;8;14;18;12;10;6;16;4
Country Club de Bquilla;Azules;71.3;129;4;4;3;5;4;4;5;3;4;4;5;4;3;4;4;4;3;5;394;387;170;471;376;334;535;165;405;385;518;375;164;405;368;432;180;522;13;3;17;9;7;11;5;15;1;2;8;14;18;12;10;6;16;4
Country Club de Bquilla;Blancas;69.2;116;4;4;3;5;4;4;5;3;4;4;5;4;3;4;4;4;3;5;367;361;152;468;365;324;468;168;395;369;505;360;148;380;350;411;178;518;13;3;17;9;7;11;5;15;1;2;8;14;18;12;10;6;16;4
Country Club de Bquilla;B/R;70.6;134;4;4;3;5;4;4;5;3;4;4;5;4;3;4;4;4;3;5;367;361;152;468;365;324;468;168;395;369;505;360;148;380;350;411;178;518;13;3;17;9;7;11;5;15;1;2;8;14;18;12;10;6;16;4
Country Club de Bquilla;Negras;73.1;133;4;4;3;5;4;4;5;3;4;4;5;4;3;4;4;4;3;5;409;404;184;517;426;362;555;175;442;395;540;420;187;407;390;442;190;556;13;3;17;9;7;11;5;15;1;2;8;14;18;12;10;6;16;4
Country Club de Bquilla;Rojas;70.8;114;4;4;3;5;4;4;5;3;4;4;5;4;3;4;4;4;3;5;342;352;140;383;343;310;393;157;300;362;443;305;132;290;300;315;160;472;13;3;17;9;7;11;5;15;1;2;8;14;18;12;10;6;16;4
Fundadores;Rojas Cab;67.6;124;4;5;4;4;3;4;3;5;4;5;4;3;4;4;3;4;4;5;401;470;321;336;164;363;149;492;345;512;388;195;373;338;150;378;393;499;8;4;16;12;14;10;18;2;6;1;3;15;9;13;17;11;7;5
Fundadores;Rojas Dam;73.5;140;4;5;4;4;3;4;3;5;4;5;4;3;4;4;3;4;4;5;401;470;321;336;164;363;149;492;345;512;388;195;373;338;150;378;393;499;8;4;16;12;14;10;18;2;6;1;3;15;9;13;17;11;7;5
Fundadores;Blancas Cab;68.9;124;4;5;4;4;3;4;3;5;4;5;4;3;4;4;3;4;4;5;416;492;339;346;194;377;165;511;411;559;411;212;389;360;179;392;405;525;8;4;16;12;14;10;18;2;6;1;3;15;9;13;17;11;7;5
Fundadores;Blancas Dam;76.7;151;4;5;4;4;3;4;3;5;4;5;4;3;4;4;3;4;4;5;416;492;339;346;194;377;165;511;411;559;411;212;389;360;179;392;405;525;8;4;16;12;14;10;18;2;6;1;3;15;9;13;17;11;7;5
Fundadores;Azules Cab;72.4;126;4;5;4;4;3;4;3;5;4;5;4;3;4;4;3;4;4;5;431;525;382;355;235;413;180;555;447;585;457;228;439;382;207;406;440;570;8;4;16;12;14;10;18;2;6;1;3;15;9;13;17;11;7;5
Fundadores;Azules Dam;80.5;155;4;5;4;4;3;4;3;5;4;5;4;3;4;4;3;4;4;5;431;525;382;355;235;413;180;555;447;585;457;228;439;382;207;406;440;570;8;4;16;12;14;10;18;2;6;1;3;15;9;13;17;11;7;5
Pacos y Fabios;Rojas Cab;64.5;112;4;3;4;3;4;4;5;4;4;4;3;5;4;4;4;4;3;5;334;148;319;140;270;374;482;339;295;358;139;485;363;391;341;339;108;449;6;16;10;18;14;4;2;8;12;9;15;1;7;5;11;13;17;3
Pacos y Fabios;Rojas Dam;69.9;134;4;3;4;3;4;4;5;4;4;4;3;5;4;4;4;4;3;5;334;148;319;140;270;374;482;339;295;358;139;485;363;391;341;339;108;449;6;16;10;18;14;4;2;8;12;9;15;1;7;5;11;13;17;3
Pacos y Fabios;Blancas Cab;67;115;4;3;4;3;4;4;5;4;4;4;3;5;4;4;4;4;3;5;351;159;337;154;284;392;501;350;308;379;157;511;383;403;360;357;115;469;6;16;10;18;14;4;2;8;12;9;15;1;7;5;11;13;17;3
Pacos y Fabios;Blancas Dam;72.2;137;4;3;4;3;4;4;5;4;4;4;3;5;4;4;4;4;3;5;351;159;337;154;284;392;501;350;308;379;157;511;383;403;360;357;115;469;6;16;10;18;14;4;2;8;12;9;15;1;7;5;11;13;17;3
Pacos y Fabios;Azules Cab;68.8;123;4;3;4;3;4;4;5;4;4;4;3;5;4;4;4;4;3;5;383;191;348;154;298;392;516;364;330;384;200;550;383;411;360;357;115;485;6;16;10;18;14;4;2;8;12;9;15;1;7;5;11;13;17;3
Pacos y Fabios;Azules Dam;73.6;138;4;3;4;3;4;4;5;4;4;4;3;5;4;4;4;4;3;5;383;191;348;154;298;392;516;364;330;384;200;550;383;411;360;357;115;485;6;16;10;18;14;4;2;8;12;9;15;1;7;5;11;13;17;3
El Penon;Azules;74;133;5;3;4;4;4;4;4;3;5;4;3;5;3;4;4;5;3;5;545;190;390;430;415;395;400;200;535;430;200;540;215;420;410;525;275;555;4;18;12;14;10;6;8;16;2;3;17;9;15;5;11;7;13;1
El Penon;Blancas;71.9;131;5;3;4;4;4;4;4;3;5;4;3;5;3;4;4;5;3;5;515;175;386;402;390;390;394;195;530;405;180;480;195;397;404;462;225;535;4;18;12;14;10;6;8;16;2;3;17;9;15;5;11;7;13;1
El Penon;B/R;78.9;144;5;3;4;4;4;4;4;3;5;4;3;5;3;4;4;5;3;5;515;175;386;402;390;390;394;195;530;405;180;480;195;397;404;462;225;535;4;18;12;14;10;6;8;16;2;3;17;9;15;5;11;7;13;1
El Penon;Rojas;73.4;128;5;3;4;4;4;4;4;3;5;4;3;5;3;4;4;5;3;5;485;132;320;356;325;330;338;157;491;382;150;439;151;370;347;437;175;404;4;18;12;14;10;6;8;16;2;3;17;9;15;5;11;7;13;1
El Rancho;Amarillas;66.7;125;4;5;4;4;3;4;5;3;4;5;4;4;4;4;4;3;4;4;337;453;343;272;159;304;441;166;331;465;343;310;324;354;335;177;323;228;8;6;2;14;18;10;16;12;4;3;11;7;17;1;13;5;15;9
El Rancho;Azules;71.1;134;4;5;4;4;3;4;5;3;4;5;4;4;4;4;4;3;4;4;365;486;423;295;181;385;526;223;399;578;375;339;398;433;368;221;353;352;8;6;2;14;18;10;16;12;4;3;11;7;17;1;13;5;15;9
El Rancho;Blancas;69.8;133;4;5;4;4;3;4;5;3;4;5;4;4;4;4;4;3;4;4;349;467;406;280;168;363;508;180;386;561;355;322;374;418;348;187;332;334;8;6;2;14;18;10;16;12;4;3;11;7;17;1;13;5;15;9
El Rancho;B/R;75.6;148;4;5;4;4;3;4;5;3;4;5;4;4;4;4;4;3;4;4;349;467;406;280;168;363;508;180;386;561;355;322;374;418;348;187;332;334;8;6;2;14;18;10;16;12;4;3;11;7;17;1;13;5;15;9
El Rancho;Rojas;72;135;4;5;4;4;3;4;5;3;4;5;4;4;4;4;4;3;4;4;332;448;338;267;154;301;436;164;326;460;338;305;319;349;331;174;318;224;8;6;2;14;18;10;16;12;4;3;11;7;17;1;13;5;15;9
El Rincon;Amarillas Cab;68.4;124;4;3;4;4;5;3;5;4;4;4;4;5;4;3;5;3;4;4;404;488;337;157;361;362;534;159;373;329;346;471;340;167;499;128;348;364;1;5;9;17;3;13;7;15;11;16;12;4;10;18;2;6;14;8
El Rincon;Amarillas Dam;73.5;139;4;3;4;4;5;3;5;4;4;4;4;5;4;3;5;3;4;4;404;488;337;157;361;362;534;159;373;324;346;471;340;167;499;147;348;364;1;5;9;17;3;13;7;15;11;16;12;4;10;18;2;6;14;8
El Rincon;Azules;72.8;127;4;3;4;4;5;3;5;4;4;4;4;5;4;3;5;3;4;4;444;533;403;198;412;391;582;201;438;392;411;535;365;211;554;171;380;454;1;5;9;17;3;13;7;15;11;16;12;4;10;18;2;6;14;8
El Rincon;Blancas;71.6;125;4;3;4;4;5;3;5;4;4;4;4;5;4;3;5;3;4;4;423;514;379;171;382;376;557;179;405;365;389;503;353;190;526;147;350;417;1;5;9;17;3;13;7;15;11;16;12;4;10;18;2;6;14;8
El Rincon;Negras;75.4;137;4;3;4;4;5;3;5;4;4;4;4;5;4;3;5;3;4;4;467;553;414;207;430;421;625;207;461;420;421;566;378;240;584;183;419;468;1;5;9;17;3;13;7;15;11;16;12;4;10;18;2;6;14;8
El Rincon;Rojas;71.9;145;4;3;4;4;5;3;5;4;4;4;4;5;4;3;5;3;4;4;376;445;296;124;343;344;519;149;314;324;342;458;333;147;473;107;322;349;1;5;9;17;3;13;7;15;11;16;12;4;10;18;2;6;14;8
El Rincon;Rojas Cab;67.3;125;4;3;4;4;5;3;5;4;4;4;4;5;4;3;5;3;4;4;298;123;343;347;519;148;446;377;314;332;346;465;335;148;465;109;322;344;1;5;9;17;3;13;7;15;11;16;12;4;10;18;2;6;14;8
El Rodeo;Azules;72.3;137;4;3;4;5;4;4;5;3;4;4;5;4;4;5;3;3;4;4;417;165;380;510;400;365;573;208;420;333;530;411;415;470;216;210;455;390;3;11;1;15;5;13;17;9;7;16;4;2;6;18;14;10;8;12
El Rodeo;Blancas;70.7;133;4;3;4;5;4;4;5;3;4;4;5;4;4;5;3;3;4;4;405;160;370;500;390;355;507;198;410;325;501;388;344;468;199;190;430;370;3;11;1;15;5;13;17;9;7;16;4;2;6;18;14;10;8;12
El Rodeo;B/R;76.8;142;4;3;4;5;4;4;5;3;4;4;5;4;4;5;3;3;4;4;418;154;370;500;390;355;507;198;410;325;501;388;343;471;208;200;430;380;3;11;1;15;5;13;17;9;7;16;4;2;6;18;14;10;8;12
El Rodeo;Rojas;71.9;138;4;3;4;5;4;4;5;3;4;4;5;4;4;5;3;3;4;4;332;125;340;466;324;316;448;147;341;325;501;388;343;471;208;200;430;380;3;11;1;15;5;13;17;9;7;16;4;2;6;18;14;10;8;12
Farallones;Amarillas;69.7;130;4;5;3;4;4;3;4;5;4;4;6;3;4;4;4;4;3;5;395;486;164;330;326;156;377;458;376;424;599;191;338;375;373;346;151;525;10;4;18;12;14;16;6;2;8;5;7;15;9;11;1;13;17;3
Farallones;Azules;75.7;140;4;5;3;4;4;3;4;5;4;4;6;3;4;4;4;4;3;5;433;562;172;412;410;189;427;550;420;472;690;225;411;404;452;384;208;595;10;4;18;12;14;16;6;2;8;5;7;15;9;11;1;13;17;3
Farallones;Blancas;72.7;136;4;5;3;4;4;3;4;5;4;4;6;3;4;4;4;4;3;5;412;505;164;400;390;170;396;530;400;432;650;205;396;390;404;364;162;550;10;4;18;12;14;16;6;2;8;5;7;15;9;11;1;13;17;3
Farallones;B/R;80.3;155;4;5;3;4;4;3;4;5;4;4;6;3;4;4;4;4;3;5;412;491;164;400;390;170;396;515;378;442;656;211;396;390;410;364;179;556;10;4;18;12;14;16;6;2;8;5;7;15;9;11;1;13;17;3
Farallones;Grises;72.2;130;4;5;3;4;4;3;4;5;4;4;6;3;4;4;4;4;3;5;340;481;160;340;335;150;320;453;355;350;500;120;294;342;270;320;120;420;10;4;18;12;14;16;6;2;8;5;7;15;9;11;1;13;17;3
Farallones;Negras;64;114;4;5;3;4;4;3;4;5;4;4;6;3;4;4;4;4;3;5;340;350;120;340;335;120;320;360;310;320;500;120;294;260;270;312;120;411;10;4;18;12;14;16;6;2;8;5;7;15;9;11;1;13;17;3
Farallones;Rojas;75.2;141;4;5;3;4;4;3;4;5;4;4;6;3;4;4;4;4;3;5;340;481;160;340;335;144;320;453;355;412;571;181;294;342;365;312;140;495;10;4;18;12;14;16;6;2;8;5;7;15;9;11;1;13;17;3
Farallones;Verdes;65.7;127;4;5;3;4;4;3;4;5;4;4;6;3;4;4;4;4;3;5;308;350;120;280;272;113;280;360;280;280;440;113;280;260;270;250;120;340;10;4;18;12;14;16;6;2;8;5;7;15;9;11;1;13;17;3
Guaimaral1;Amarillas;67.1;118;4;4;3;5;4;4;5;3;4;5;3;5;4;3;4;3;5;4;344;307;159;511;399;316;460;141;288;478;162;484;363;128;330;126;474;413;6;2;16;4;8;12;10;18;14;11;17;1;5;15;9;13;7;3
Guaimaral1;Azules;72.4;135;4;4;3;5;4;4;5;3;4;5;3;5;4;3;4;3;5;4;391;386;206;609;461;385;580;178;351;515;214;590;447;180;395;156;549;458;6;2;16;4;8;12;10;18;14;11;17;1;5;15;9;13;7;3
Guaimaral1;Blancas;69.4;122;4;4;3;5;4;4;5;3;4;5;3;5;4;3;4;3;5;4;370;356;179;535;426;354;501;162;321;494;190;544;388;160;368;137;520;437;6;2;16;4;8;12;10;18;14;11;17;1;5;15;9;13;7;3
Guaimaral1;Blancas Dam;75.2;147;4;4;3;5;4;4;5;3;4;5;3;5;4;3;4;3;5;4;370;356;179;535;426;354;501;162;321;494;190;544;388;160;368;137;520;437;6;2;16;4;8;12;10;18;14;11;17;1;5;15;9;13;7;3
Guaimaral1;Rojas;69.1;125;4;4;3;5;4;4;5;3;4;5;3;5;4;3;4;3;5;4;309;307;140;485;354;283;428;110;265;431;137;449;295;102;301;114;448;381;6;2;16;4;8;12;10;18;14;11;17;1;5;15;9;13;7;3
Guaimaral2;Azules;73.2;132;5;4;4;3;4;4;3;5;4;5;4;3;4;4;5;4;3;4;583;454;391;200;432;408;190;574;459;585;429;196;401;440;601;466;176;470;2;4;10;16;8;14;18;6;12;1;7;17;13;9;5;11;15;3
Guaimaral2;Blancas;69.8;124;5;4;4;3;4;4;3;5;4;5;4;3;4;4;5;4;3;4;554;427;370;167;397;370;156;534;392;559;381;155;360;357;564;427;147;431;2;4;10;16;8;14;18;6;12;1;7;17;13;9;5;11;15;3
Guaimaral2;Doradas;72.4;130;5;4;4;3;4;4;3;5;4;5;4;3;4;4;5;4;3;4;583;454;389;200;432;387;168;549;429;585;414;172;381;404;601;466;176;470;2;4;10;16;8;14;18;6;12;1;7;17;13;9;5;11;15;3
Guaimaral2;Negras;74.7;134;5;4;4;3;4;4;3;5;4;5;4;3;4;4;5;4;3;4;632;463;391;222;454;408;190;574;459;610;429;196;401;440;629;500;225;497;2;4;10;16;8;14;18;6;12;1;7;17;13;9;5;11;15;3
Guaimaral2;Rojas;71.5;135;5;4;4;3;4;4;3;5;4;5;4;3;4;4;5;4;3;4;494;370;331;138;354;330;132;452;345;494;323;130;305;292;501;358;110;374;2;4;10;16;8;14;18;6;12;1;7;17;13;9;5;11;15;3
Guaimaral2;Rojas Cab;65.9;112;5;4;4;3;4;4;3;5;4;5;4;3;4;4;5;4;3;4;494;370;331;138;354;330;132;478;345;494;323;130;305;292;501;358;110;374;2;4;10;16;8;14;18;6;12;1;7;17;13;9;5;11;15;3
Hatogrande;Amarillas Cab;66.2;117;4;3;4;4;5;3;5;4;4;4;3;4;5;4;3;5;4;4;345;183;339;260;456;123;458;400;333;364;156;322;459;348;162;468;409;343;8;14;6;18;4;16;2;12;10;9;17;11;3;7;15;1;13;5
Hatogrande;Amarillas Dam;73.9;139;4;3;4;4;5;3;5;4;4;4;3;4;5;4;3;5;4;4;345;183;339;260;456;123;458;400;333;364;156;322;459;348;162;468;409;343;8;14;6;18;4;16;2;12;10;9;17;11;3;7;15;1;13;5
Hatogrande;Azules;72.3;138;4;3;4;4;5;3;5;4;4;4;3;4;5;4;3;5;4;4;400;217;393;328;586;200;498;442;387;420;181;379;536;425;198;545;462;426;8;14;6;18;4;16;2;12;10;9;17;11;3;7;15;1;13;5
Hatogrande;Blancas;70.5;130;4;3;4;4;5;3;5;4;4;4;3;4;5;4;3;5;4;4;370;210;360;298;506;176;478;418;364;389;169;345;493;385;169;523;437;377;8;14;6;18;4;16;2;12;10;9;17;11;3;7;15;1;13;5
Hatogrande;B/R;76.1;152;4;3;4;4;5;3;5;4;4;4;3;4;5;4;3;5;4;4;370;210;360;298;506;176;478;418;364;389;169;345;493;385;169;523;437;377;8;14;6;18;4;16;2;12;10;9;17;11;3;7;15;1;13;5
Hatogrande;Rojas;69.7;135;4;3;4;4;5;3;5;4;4;4;3;4;5;4;3;5;4;4;279;166;330;218;413;117;430;368;304;307;149;315;430;316;132;411;367;335;8;14;6;18;4;16;2;12;10;9;17;11;3;7;15;1;13;5
Briceno;Azules;72.6;131;4;3;4;3;5;4;4;4;5;5;4;4;3;5;3;4;3;5;418;222;335;214;511;432;455;422;602;484;354;328;208;563;220;441;213;583;10;12;14;16;4;8;6;18;2;15;17;5;3;7;11;13;9;1
Briceno;Blancas;69.2;127;4;3;4;3;5;4;4;4;5;5;4;4;3;5;3;4;3;5;407;200;292;170;480;364;439;364;561;473;334;298;176;541;192;435;191;544;10;12;14;16;4;8;6;18;2;15;17;5;3;7;11;13;9;1
Briceno;Negras;72.9;135;4;3;4;3;5;4;4;4;5;5;4;4;3;5;3;4;3;5;428;233;361;221;517;441;470;431;621;496;407;338;217;575;229;460;225;615;10;12;14;16;4;8;6;18;2;15;17;5;3;7;11;13;9;1
Briceno;Rojas;70.1;139;4;3;4;3;5;4;4;4;5;5;4;4;3;5;3;4;3;5;325;138;279;150;439;351;379;305;514;428;300;246;135;472;143;402;155;482;10;12;14;16;4;8;6;18;2;15;17;5;3;7;11;13;9;1
Fedegolf;Blancas;71;113;3;3;3;3;3;3;3;3;3;3;3;3;3;3;3;3;3;3;142;127;89;100;93;92;133;120;134;142;127;89;100;93;92;133;120;134;3;7;2;6;4;5;8;9;1;12;16;11;15;13;14;17;18;10
Britania;Azules;68;139;4;3;5;3;4;5;3;4;3;4;3;5;3;4;5;3;4;3;382;159;575;198;355;546;194;345;177;382;159;575;198;355;546;194;345;177;6;18;2;12;8;4;14;10;16;5;17;1;11;7;3;13;9;15
Britania;Blancas;66.2;136;4;3;5;3;4;5;3;4;3;4;3;5;3;4;5;3;4;3;373;134;569;186;349;535;183;338;164;373;134;569;186;349;535;183;338;164;6;18;2;12;8;4;14;10;16;5;17;1;11;7;3;13;9;15
Britania;Rojas;67.2;131;4;3;5;3;4;5;3;4;3;4;3;5;3;4;5;3;4;3;344;102;530;139;339;483;146;280;149;344;102;530;139;339;483;146;280;149;6;18;2;12;8;4;14;10;16;5;17;1;11;7;3;13;9;15
Wyndham Garden;Azules;69.8;123;4;4;3;4;5;4;5;4;3;4;5;4;3;4;4;4;3;5;250;227;138;356;539;394;599;405;132;385;513;313;110;380;403;301;148;448;13;11;15;9;3;7;1;5;17;6;2;10;18;8;4;12;16;14
Wyndham Garden;Blancas;67;113;4;4;3;4;5;4;5;4;3;4;5;4;3;4;4;4;3;5;240;203;108;326;505;370;574;376;112;363;493;289;90;346;366;287;122;420;13;11;15;9;3;7;1;5;17;6;2;10;18;8;4;12;16;14
Wyndham Garden;Rojas;69.6;124;4;4;3;4;5;4;5;4;3;4;5;4;3;4;4;4;3;5;208;173;92;299;480;342;554;357;91;331;466;249;72;316;328;264;102;379;13;11;15;9;3;7;1;5;17;6;2;10;18;8;4;12;16;14
La Cima;Azules;69.7;130;4;4;3;4;4;3;5;4;4;4;3;4;4;4;3;4;5;4;489;419;216;352;335;163;478;429;351;254;184;408;354;377;155;314;480;310;3;1;15;11;13;17;7;5;9;18;12;2;10;8;16;14;4;6
La Cima;Blancas;65.1;124;4;4;3;4;4;3;5;4;4;4;3;4;4;4;3;4;5;4;479;407;187;334;329;134;471;407;340;250;177;414;339;369;120;300;470;300;3;1;15;11;13;17;7;5;9;18;12;2;10;8;16;14;4;6
La Cima;Rojas;70;145;4;4;3;4;4;3;5;4;4;4;3;4;4;4;3;4;5;4;468;267;178;316;310;128;390;360;331;230;171;295;323;358;132;295;448;290;3;1;15;11;13;17;7;5;9;18;12;2;10;8;16;14;4;6
Internacional;Azules;72.7;139;4;3;5;5;4;3;5;3;4;4;3;5;5;4;3;5;3;4;369;145;608;479;394;198;539;210;393;369;145;608;479;394;198;539;210;393;7;15;3;9;1;13;5;17;11;8;16;4;10;2;14;6;18;12
Internacional;Blancas;71;136;4;3;5;5;4;3;5;3;4;4;3;5;5;4;3;5;3;4;352;136;562;464;381;182;504;167;347;352;136;562;464;381;182;504;167;347;7;15;3;9;1;13;5;17;11;8;16;4;10;2;14;6;18;12
Internacional;Rojas;74.2;134;4;3;5;5;4;3;5;3;4;4;3;5;5;4;3;5;3;4;318;136;478;426;323;168;496;158;340;318;136;478;426;323;168;496;158;340;7;15;3;9;1;13;5;17;11;8;16;4;10;2;14;6;18;12
La Florida;Azules;72.6;141;4;4;3;4;3;4;5;4;5;4;4;3;4;3;4;5;4;5;386;364;233;411;162;375;500;398;492;386;364;233;411;162;375;500;398;492;5;17;11;1;15;9;3;13;7;6;18;12;2;16;10;4;14;8
La Florida;Blancas;69.6;139;4;4;3;4;3;4;5;4;5;4;4;3;4;3;4;5;4;5;367;341;215;399;149;355;460;386;476;367;341;215;399;149;355;460;386;476;5;17;11;1;15;9;3;13;7;6;18;12;2;16;10;4;14;8
La Florida;Rojas;72.8;145;4;4;3;4;3;4;5;4;5;4;4;3;4;3;4;5;4;5;353;327;195;385;137;335;394;374;389;353;327;195;385;137;335;394;374;389;5;17;11;1;15;9;3;13;7;6;18;12;2;16;10;4;14;8
La Pradera;Azules;71.8;132;5;4;3;4;4;5;4;3;4;4;4;3;5;4;4;3;5;4;567;405;170;419;428;566;372;180;403;444;388;190;545;433;414;194;574;416;4;8;14;10;2;12;16;18;6;9;13;15;1;11;7;17;5;3
La Pradera;Blancas;68.3;127;5;4;3;4;4;5;4;3;4;4;4;3;5;4;4;3;5;4;530;354;135;381;391;497;332;146;359;409;339;163;508;398;367;177;559;378;4;8;14;10;2;12;16;18;6;9;13;15;1;11;7;17;5;3
La Pradera;B/R;75.1;141;5;4;3;4;4;5;4;3;4;4;4;3;5;4;4;3;5;4;530;354;135;381;391;497;332;146;359;409;339;163;508;398;367;177;559;378;4;8;14;10;2;12;16;18;6;9;13;15;1;11;7;17;5;3
La Pradera;Negras;75.5;135;5;4;3;4;4;5;4;3;4;4;4;3;5;4;4;3;5;4;588;449;211;451;456;602;402;205;457;485;422;219;578;470;448;215;576;466;4;8;14;10;2;12;16;18;6;9;13;15;1;11;7;17;5;3
La Pradera;Rojas;71.7;142;5;4;3;4;4;5;4;3;4;4;4;3;5;4;4;3;5;4;490;304;109;342;356;449;298;122;321;376;292;144;416;370;337;159;500;341;4;8;14;10;2;12;16;18;6;9;13;15;1;11;7;17;5;3
La Sabana;Azules;70.1;134;5;4;4;4;4;3;4;3;5;5;4;3;4;3;5;4;3;4;524;367;381;349;357;226;451;164;499;552;374;165;364;176;531;359;163;362;5;13;1;11;7;17;9;15;3;4;10;18;6;14;2;12;16;8
La Sabana;Blancas;68.2;123;5;4;4;4;4;3;4;3;5;5;4;3;4;3;5;4;3;4;507;353;361;316;342;206;412;144;485;535;351;146;347;163;485;324;137;340;5;13;1;11;7;17;9;15;3;4;10;18;6;14;2;12;16;8
La Sabana;B/R;72.7;140;5;4;4;4;4;3;4;3;5;5;4;3;4;3;5;4;3;4;507;347;363;321;343;206;418;144;485;535;351;153;351;163;476;337;137;340;5;13;1;11;7;17;9;15;3;4;10;18;6;14;2;12;16;8
La Sabana;Rojas;70.8;141;5;4;4;4;4;3;4;3;5;5;4;3;4;3;5;4;3;4;489;320;355;308;328;188;391;124;471;517;328;136;337;143;467;287;113;300;5;13;1;11;7;17;9;15;3;4;10;18;6;14;2;12;16;8
Lagos de Caujaral Club;Amarillas;66.8;124;5;4;4;4;3;5;4;3;4;4;3;5;4;3;4;4;4;5;410;323;329;300;110;487;330;150;337;380;112;480;283;132;290;287;370;460;11;1;9;7;17;3;13;15;5;2;16;4;6;18;10;14;8;12
Lagos de Caujaral Club;Azules;72.2;136;5;4;4;4;3;5;4;3;4;4;3;5;4;3;4;4;4;5;502;405;366;378;140;542;375;206;383;440;210;520;366;182;360;335;430;500;11;1;9;7;17;3;13;15;5;2;16;4;6;18;10;14;8;12
Lagos de Caujaral Club;Blancas;69.7;128;5;4;4;4;3;5;4;3;4;4;3;5;4;3;4;4;4;5;490;367;346;330;125;512;362;170;357;405;170;501;330;155;345;322;390;460;11;1;9;7;17;3;13;15;5;2;16;4;6;18;10;14;8;12
Lagos de Caujaral Club;B/R Dam;76.2;136;5;4;4;4;3;5;4;3;4;4;3;5;4;3;4;4;4;5;490;367;346;330;125;512;362;170;357;405;170;501;330;155;345;322;390;460;11;1;9;7;17;3;13;15;5;2;16;4;6;18;10;14;8;12
Lagos de Caujaral Club;Rojas;71.5;126;5;4;4;4;3;5;4;3;4;4;3;5;4;3;4;4;4;5;405;300;328;300;110;445;320;142;310;375;110;410;278;120;285;285;366;410;11;1;9;7;17;3;13;15;5;2;16;4;6;18;10;14;8;12
Lagos de Caujaral Club;Verdes;66.4;113;5;4;4;4;3;5;4;3;4;4;3;5;4;3;4;4;4;5;405;290;269;250;100;345;320;122;234;327;102;325;235;113;285;285;283;330;11;1;9;7;17;3;13;15;5;2;16;4;6;18;10;14;8;12
Las Mercedes;Azules;68.8;125;4;3;5;4;4;5;4;3;4;4;3;5;4;4;5;4;3;4;352;197;557;286;294;470;333;216;240;352;197;557;286;294;470;333;216;240;7;5;3;9;11;13;17;1;15;8;6;4;10;12;14;18;2;16
Las Mercedes;Blancas;69.6;125;4;3;5;4;4;5;4;3;4;4;3;5;4;4;5;4;3;4;350;195;570;294;281;472;337;211;238;350;195;570;294;281;472;337;211;238;7;5;3;9;11;13;17;1;15;8;6;4;10;12;14;18;2;16
Las Mercedes;Rojas;69.6;128;4;3;5;4;4;5;4;3;4;4;3;5;4;4;5;4;3;4;330;160;494;253;240;427;274;195;202;330;160;494;253;240;427;274;195;202;7;5;3;9;11;13;17;1;15;8;6;4;10;12;14;18;2;16
Los Andes;Amarillas;65.5;133;4;3;4;5;3;4;4;5;4;5;4;4;3;5;4;4;3;4;282;127;362;492;153;318;337;485;372;418;304;342;148;452;291;326;138;362;9;17;7;1;15;5;13;3;11;8;12;6;18;2;14;10;16;4
Los Andes;Azules;73.4;143;4;3;4;5;3;4;4;5;4;5;4;4;3;5;4;4;3;4;379;179;429;595;206;406;373;570;418;572;389;428;216;552;335;413;185;396;9;17;7;1;15;5;13;3;11;8;12;6;18;2;14;10;16;4
Los Andes;Blancas;70.8;136;4;3;4;5;3;4;4;5;4;5;4;4;3;5;4;4;3;4;354;153;386;505;173;347;353;521;406;496;341;374;167;483;331;362;154;374;9;17;7;1;15;5;13;3;11;8;12;6;18;2;14;10;16;4
Los Andes;B/R;76.1;155;4;3;4;5;3;4;4;5;4;5;4;4;3;5;4;4;3;4;334;153;386;505;173;347;353;521;406;506;341;374;167;483;329;366;152;377;9;17;7;1;15;5;13;3;11;8;12;6;18;2;14;10;16;4
Los Andes;Rojas;75.2;139;4;3;4;5;3;4;4;5;4;5;4;4;3;5;4;4;3;4;292;127;362;492;153;318;337;485;352;337;485;352;148;452;291;326;138;362;9;17;7;1;15;5;13;3;11;8;12;6;18;2;14;10;16;4
Los Arrayanes;Amarillas;68.3;121;5;3;4;5;4;4;4;3;4;4;4;5;4;3;4;4;3;5;474;158;376;544;371;369;368;171;342;336;347;500;325;145;384;394;183;514;8;14;4;2;6;18;12;16;10;11;17;9;7;13;3;1;15;5
Los Arrayanes;Azules;71.8;134;5;3;4;5;4;4;4;3;4;4;4;5;4;3;4;4;3;5;539;190;416;585;433;407;399;216;373;373;377;538;350;188;431;438;214;561;8;14;4;2;6;18;12;16;10;11;17;9;7;13;3;1;15;5
Los Arrayanes;Blancas;69.8;131;5;3;4;5;4;4;4;3;4;4;4;5;4;3;4;4;3;5;513;175;394;550;419;374;382;194;361;347;354;511;333;160;392;410;199;534;8;14;4;2;6;18;12;16;10;11;17;9;7;13;3;1;15;5
Los Arrayanes;B/R;76.2;154;5;3;4;5;4;4;4;3;4;4;4;5;4;3;4;4;3;5;513;175;394;550;419;374;382;194;361;347;354;511;333;160;392;410;199;534;8;14;4;2;6;18;12;16;10;11;17;9;7;13;3;1;15;5
Los Arrayanes;Rojas;72.7;139;5;3;4;5;4;4;4;3;4;4;4;5;4;3;4;4;3;5;466;148;369;508;352;366;362;159;325;328;344;496;323;145;344;391;179;494;8;14;4;2;6;18;12;16;10;11;17;9;7;13;3;1;15;5
Los Buhos;Azules;65.3;120;4;3;4;5;3;3;4;4;3;4;3;4;5;3;3;4;4;3;306;116;250;478;231;144;366;336;171;306;116;250;478;231;144;366;336;171;10;18;8;2;4;16;6;12;14;9;17;7;1;3;15;5;11;13
Los Buhos;Blancas;61.2;119;4;3;4;5;3;3;4;4;3;4;3;4;5;3;3;4;4;3;295;110;252;458;211;134;375;324;171;295;110;252;458;211;134;375;324;171;10;18;8;2;4;16;6;12;14;9;17;7;1;3;15;5;11;13
Los Buhos;Rojas;64;126;4;3;4;5;3;3;4;4;3;4;3;4;5;3;3;4;4;3;246;107;227;443;207;130;307;313;169;246;107;227;443;207;130;307;313;169;10;18;8;2;4;16;6;12;14;9;17;7;1;3;15;5;11;13
Corea;Azules Cab;67.7;127;5;4;4;4;3;5;4;3;4;4;3;5;5;4;4;3;4;3;490;428;382;354;195;492;336;133;347;368;154;518;517;353;317;172;413;175;5;1;9;13;15;3;11;17;7;8;16;2;6;10;12;14;4;18
Corea;Azules Dam;73.5;147;5;4;4;4;3;5;4;3;4;4;3;5;5;4;4;3;4;3;490;428;382;354;195;492;336;133;347;368;154;518;517;353;317;172;413;175;5;1;9;13;15;3;11;17;7;8;16;2;6;10;12;14;4;18
Corea;Blancas Cab;64.5;124;5;4;4;4;3;5;4;3;4;4;3;5;5;4;4;3;4;3;468;375;368;337;173;463;313;119;332;355;136;476;490;335;298;158;355;149;5;1;9;13;15;3;11;17;7;8;16;2;6;10;12;14;4;18
Corea;Blancas Dam;70.5;137;5;4;4;4;3;5;4;3;4;4;3;5;5;4;4;3;4;3;468;375;368;337;173;463;313;119;332;355;136;476;490;335;298;158;355;149;5;1;9;13;15;3;11;17;7;8;16;2;6;10;12;14;4;18
Corea;Grises Cab;60.5;105;5;4;4;4;3;5;4;3;4;4;3;5;5;4;4;3;4;3;378;325;299;298;144;353;292;103;296;324;109;365;396;274;284;135;330;125;5;1;9;13;15;3;11;17;7;8;16;2;6;10;12;14;4;18
Corea;Grises Dam;65.9;124;5;4;4;4;3;5;4;3;4;4;3;5;5;4;4;3;4;3;378;325;299;298;144;353;292;103;296;324;109;365;396;274;284;135;330;125;5;1;9;13;15;3;11;17;7;8;16;2;6;10;12;14;4;18
Corea;Rojas Dam;63.4;112;5;4;4;4;3;5;4;3;4;4;3;5;5;4;4;3;4;3;411;364;362;310;158;376;297;106;319;345;113;445;473;318;291;145;327;139;5;1;9;13;15;3;11;17;7;8;16;2;6;10;12;14;4;18
Corea;Rojas Cab;68.7;126;5;4;4;4;3;5;4;3;4;4;3;5;5;4;4;3;4;3;411;364;362;310;158;376;297;106;319;345;113;445;473;318;291;145;327;139;5;1;9;13;15;3;11;17;7;8;16;2;6;10;12;14;4;18
David Gutierrez;Amarillas Cab;67.3;123;5;4;3;4;4;5;3;4;4;3;5;3;5;3;4;4;5;4;440;359;113;378;370;495;163;246;369;138;528;168;476;131;351;268;502;331;8;4;18;16;12;6;14;10;2;9;5;17;3;13;11;15;1;7
David Gutierrez;Amarillas Dam;72.1;145;5;4;3;4;4;5;3;4;4;3;5;3;5;3;4;4;5;4;440;359;113;378;370;495;163;246;369;138;528;168;476;131;351;268;502;331;8;4;18;16;12;6;14;10;2;9;5;17;3;13;11;15;1;7
David Gutierrez;Azules;70.9;140;5;4;3;4;4;5;3;4;4;3;5;3;5;3;4;4;5;4;483;435;152;409;420;547;191;294;454;158;547;187;505;160;385;333;560;426;8;4;18;16;12;6;14;10;2;9;5;17;3;13;11;15;1;7
David Gutierrez;Blancas Dam;75.1;151;5;4;3;4;4;5;3;4;4;3;5;3;5;3;4;4;5;4;463;412;123;388;381;524;171;272;424;150;528;181;476;151;359;304;525;405;8;4;18;16;12;6;14;10;2;9;5;17;3;13;11;15;1;7
David Gutierrez;Blanas Cab;70;132;5;4;3;4;4;5;3;4;4;3;5;3;5;3;4;4;5;4;463;412;123;388;381;524;171;272;424;150;528;181;476;151;359;304;525;405;8;4;18;16;12;6;14;10;2;9;5;17;3;13;11;15;1;7
David Gutierrez;Doradas;72.8;144;5;4;3;4;4;5;3;4;4;3;5;3;5;3;4;4;5;4;502;460;160;425;432;565;215;300;480;167;564;187;564;185;406;377;605;454;8;4;18;16;12;6;14;10;2;9;5;17;3;13;11;15;1;7
David Gutierrez;Negras;74.8;147;5;4;3;4;4;5;3;4;4;3;5;3;5;3;4;4;5;4;521;490;167;425;452;579;236;311;541;171;586;235;585;211;406;377;628;473;8;4;18;16;12;6;14;10;2;9;5;17;3;13;11;15;1;7
David Gutierrez;Rojas Dam;70.6;136;5;4;3;4;4;5;3;4;4;3;5;3;5;3;4;4;5;4;440;319;98;352;333;446;163;211;369;132;483;130;438;121;329;219;502;331;8;4;18;16;12;6;14;10;2;9;5;17;3;13;11;15;1;7
David Gutierrez;Rojas Cab;65.6;118;5;4;3;4;4;5;3;4;4;3;5;3;5;3;4;4;5;4;440;319;98;352;333;446;163;211;369;132;483;130;438;121;329;219;502;331;8;4;18;16;12;6;14;10;2;9;5;17;3;13;11;15;1;7
Mesa de Yeguas;Amarillas;67.2;117;4;5;3;4;4;3;5;4;4;5;4;3;4;3;5;4;4;4;369;503;118;364;388;116;521;249;368;474;359;166;296;123;491;274;349;350;7;3;15;9;11;13;1;17;5;4;10;12;14;18;2;16;8;6
Mesa de Yeguas;Azules;72.1;131;4;5;3;4;4;3;5;4;4;5;4;3;4;3;5;4;4;4;421;540;153;411;433;157;582;296;419;541;446;218;366;159;575;325;395;405;7;3;15;9;11;13;1;17;5;4;10;12;14;18;2;16;8;6
Mesa de Yeguas;Blancas;69.7;124;4;5;3;4;4;3;5;4;4;5;4;3;4;3;5;4;4;4;390;532;134;395;407;140;548;281;389;511;428;171;331;135;556;309;373;379;7;3;15;9;11;13;1;17;5;4;10;12;14;18;2;16;8;6
Mesa de Yeguas;Negras;74.7;138;4;5;3;4;4;3;5;4;4;5;4;3;4;3;5;4;4;4;442;566;170;440;450;174;601;315;450;561;475;243;385;164;609;345;421;435;7;3;15;9;11;13;1;17;5;4;10;12;14;18;2;16;8;6
Mesa de Yeguas;Rojas;71.2;127;4;5;3;4;4;3;5;4;4;5;4;3;4;3;5;4;4;4;349;462;118;334;368;104;491;232;346;472;356;137;291;120;499;275;326;350;7;3;15;9;11;13;1;17;5;4;10;12;14;18;2;16;8;6
Payande;Amarillas A;69.1;120;4;5;4;4;3;4;5;3;4;4;5;3;4;4;3;4;4;5;404;460;362;342;168;265;503;160;405;404;526;163;407;349;125;286;392;474;3;13;7;9;15;5;1;17;11;2;6;14;12;8;16;18;10;4
Payande;Amarillas B;68.8;118;4;5;4;4;3;4;5;3;4;4;5;3;4;4;3;4;4;5;404;460;362;342;168;265;490;160;405;404;499;163;371;349;119;286;392;474;3;13;7;9;15;5;1;17;11;2;6;14;12;8;16;18;10;4
Payande;Blancas;75.1;134;4;5;4;4;3;4;5;3;4;4;5;3;4;4;3;4;4;5;404;460;362;342;168;265;503;160;405;404;526;163;407;349;125;286;392;474;3;13;7;9;15;5;1;17;11;2;6;14;12;8;16;18;10;4
Payande;Purpura;65.2;111;4;5;4;4;3;4;5;3;4;4;5;3;4;4;3;4;4;5;324;424;327;295;156;240;463;154;297;310;490;126;306;292;118;242;331;396;3;13;7;9;15;5;1;17;11;2;6;14;12;8;16;18;10;4
Payande;Purpura D;70;127;4;5;4;4;3;4;5;3;4;4;5;3;4;4;3;4;4;5;324;424;327;295;156;240;463;154;297;310;490;126;306;292;118;242;331;396;3;13;7;9;15;5;1;17;11;2;6;14;12;8;16;18;10;4
Payande;Verde Claro A;71;126;4;5;4;4;3;4;5;3;4;4;5;3;4;4;3;4;4;5;429;490;380;384;177;277;521;196;437;439;584;178;483;353;147;299;394;497;3;13;7;9;15;5;1;17;11;2;6;14;12;8;16;18;10;4
Payande;Verde Claro B;70.4;125;4;5;4;4;3;4;5;3;4;4;5;3;4;4;3;4;4;5;429;490;380;384;177;277;521;196;437;439;526;168;429;353;125;299;394;497;3;13;7;9;15;5;1;17;11;2;6;14;12;8;16;18;10;4
Payande;Verde Oscuro A;73.8;135;4;5;4;4;3;4;5;3;4;4;5;3;4;4;3;4;4;5;444;497;422;430;204;301;530;216;487;453;635;193;483;386;163;301;436;538;3;13;7;9;15;5;1;17;11;2;6;14;12;8;16;18;10;4
Payande;Verde Oscuro B;73.3;134;4;5;4;4;3;4;5;3;4;4;5;3;4;4;3;4;4;5;444;497;422;430;204;301;530;216;487;453;584;193;457;386;163;299;436;538;3;13;7;9;15;5;1;17;11;2;6;14;12;8;16;18;10;4
Pueblo Viejo;Amarillas;67.3;118;5;3;4;4;4;4;5;3;4;4;3;4;5;4;3;4;4;5;453;146;376;318;311;301;507;154;386;330;139;364;491;367;148;383;385;467;10;18;4;12;8;6;14;16;2;9;15;7;3;11;17;5;13;1
Pueblo Viejo;Azules;73.4;136;5;3;4;4;4;4;5;3;4;4;3;4;5;4;3;4;4;5;506;180;461;372;380;367;557;216;438;370;210;425;549;408;177;459;420;578;10;18;4;12;8;6;14;16;2;9;15;7;3;11;17;5;13;1
Pueblo Viejo;Blancas;70.8;129;5;3;4;4;4;4;5;3;4;4;3;4;5;4;3;4;4;5;478;163;425;357;347;340;539;183;408;345;183;386;530;386;170;421;403;517;10;18;4;12;8;6;14;16;2;9;15;7;3;11;17;5;13;1
Pueblo Viejo;B/R;73.4;140;5;3;4;4;4;4;5;3;4;4;3;4;5;4;3;4;4;5;453;146;376;318;311;301;507;154;386;330;139;364;491;367;148;383;385;467;10;18;4;12;8;6;14;16;2;9;15;7;3;11;17;5;13;1
Pueblo Viejo;Negras;75.1;138;5;3;4;4;4;4;5;3;4;4;3;4;5;4;3;4;4;5;527;194;503;384;401;390;564;255;510;392;223;437;566;429;184;472;446;584;10;18;4;12;8;6;14;16;2;9;15;7;3;11;17;5;13;1
Pueblo Viejo;Rojas;68.2;131;5;3;4;4;4;4;5;3;4;4;3;4;5;4;3;4;4;5;379;139;322;262;257;266;478;125;324;312;100;218;430;321;148;329;300;436;10;18;4;12;8;6;14;16;2;9;15;7;3;11;17;5;13;1
Puerto Penalisa;Azules;74.5;138;5;4;3;4;4;5;4;3;4;5;3;4;4;4;4;4;3;5;545;411;185;378;393;551;407;175;377;548;175;386;393;422;410;344;209;529;4;12;18;14;2;8;6;16;10;5;17;13;9;1;3;15;11;7
Puerto Penalisa;Blancas;70.6;136;5;4;3;4;4;5;4;3;4;5;3;4;4;4;4;4;3;5;520;386;155;348;364;510;375;153;360;517;150;343;365;382;387;317;184;508;4;12;18;14;2;8;6;16;10;5;17;13;9;1;3;15;11;7
Puerto Penalisa;Rojas;71.1;130;5;4;3;4;4;5;4;3;4;5;3;4;4;4;4;4;3;5;440;305;133;280;293;439;299;148;267;435;140;269;290;307;312;244;133;418;4;12;18;14;2;8;6;16;10;5;17;13;9;1;3;15;11;7
Ruitoque;Amarillas Cab;64.8;117;4;3;4;4;3;4;5;4;5;3;4;4;3;4;4;5;3;5;305;141;377;269;141;334;495;321;474;154;271;259;160;316;325;438;142;449;13;17;7;11;15;5;1;3;9;14;12;8;16;4;10;2;18;6
Ruitoque;Azul Cab;69;127;4;3;4;4;3;4;5;4;5;3;4;4;3;4;4;5;3;5;362;163;442;299;165;403;530;376;542;177;341;375;184;374;384;493;162;489;13;17;7;11;15;5;1;3;9;14;12;8;16;4;10;2;18;6
Ruitoque;Blancas Cab;68.1;126;4;3;4;4;3;4;5;4;5;3;4;4;3;4;4;5;3;5;341;157;412;289;141;383;502;365;518;160;311;344;180;345;358;463;163;474;13;17;7;11;15;5;1;3;9;14;12;8;16;4;10;2;18;6
Ruitoque;B/R Dam;70.8;139;4;3;4;4;3;4;5;4;5;3;4;4;3;4;4;5;3;5;305;141;377;269;141;334;495;321;474;154;271;259;160;316;325;438;142;449;13;17;7;11;15;5;1;3;9;14;12;8;16;4;10;2;18;6
Ruitoque;Blancas Dam;72.6;137;4;3;4;4;3;4;5;4;5;3;4;4;3;4;4;5;3;5;341;157;408;270;151;380;502;362;515;160;275;344;154;316;358;463;146;474;13;17;7;11;15;5;1;3;9;14;12;8;16;4;10;2;18;6
Ruitoque;Negras Dam;71.2;140;4;3;4;4;3;4;5;4;5;3;4;4;3;4;4;5;3;5;381;176;456;320;180;424;536;402;563;183;365;402;196;402;402;498;181;533;13;17;7;11;15;5;1;3;9;14;12;8;16;4;10;2;18;6
Ruitoque;Rojas Dam;66;117;4;3;4;4;3;4;5;4;5;3;4;4;3;4;4;5;3;5;269;125;320;230;98;251;418;283;407;146;247;248;146;291;300;431;125;421;13;17;7;11;15;5;1;3;9;14;12;8;16;4;10;2;18;6
San Andres;Amarillas;67;122;4;5;3;4;4;3;5;5;3;4;4;5;3;4;4;3;4;5;367;465;174;390;361;148;468;447;199;375;374;480;190;322;360;176;379;438;6;2;18;12;10;8;4;14;16;11;1;3;17;9;5;13;7;15
San Andres;Azules;72.2;132;4;5;3;4;4;3;5;5;3;4;4;5;3;4;4;3;4;5;417;543;193;415;416;174;498;519;222;408;432;571;205;387;406;194;440;522;6;2;18;12;10;8;4;14;16;11;1;3;17;9;5;13;7;15
San Andres;Blancas;70.5;130;4;5;3;4;4;3;5;5;3;4;4;5;3;4;4;3;4;5;409;511;183;403;397;158;482;497;211;381;421;546;199;378;395;185;432;491;6;2;18;12;10;8;4;14;16;11;1;3;17;9;5;13;7;15
San Andres;B/R;76.7;144;4;5;3;4;4;3;5;5;3;4;4;5;3;4;4;3;4;5;409;511;183;403;397;158;482;497;211;381;421;546;199;378;395;185;432;491;6;2;18;12;10;8;4;14;16;11;1;3;17;9;5;13;7;15
San Andres;Negras;73.5;138;4;5;3;4;4;3;5;5;3;4;4;5;3;4;4;3;4;5;445;603;202;433;432;186;510;540;233;415;432;587;205;387;432;225;457;567;6;2;18;12;10;8;4;14;16;11;1;3;17;9;5;13;7;15
San Andres;Rojas;73.1;137;4;5;3;4;4;3;5;5;3;4;4;5;3;4;4;3;4;5;361;456;164;377;356;138;462;443;189;368;363;475;190;305;354;167;372;432;6;2;18;12;10;8;4;14;16;11;1;3;17;9;5;13;7;15
Serrezuela;Azules;72.4;134;4;4;3;5;4;4;5;3;4;4;3;5;4;4;5;3;4;4;391;359;217;559;425;445;507;163;459;397;192;569;368;332;545;226;366;404;10;16;12;4;9;2;7;17;6;11;13;1;8;18;5;14;15;3
Serrezuela;Blancas;69.8;125;4;4;3;5;4;4;5;3;4;4;3;5;4;4;5;3;4;4;366;340;217;532;394;421;468;147;436;382;171;529;334;318;505;200;339;384;10;16;12;4;9;2;7;17;6;11;13;1;8;18;5;14;15;3
Serrezuela;Negras;73.6;143;4;4;3;5;4;4;5;3;4;4;3;5;4;4;5;3;4;4;406;363;217;618;485;466;541;190;468;401;197;612;396;338;557;258;381;412;10;16;12;4;9;2;7;17;6;11;13;1;8;18;5;14;15;3
Serrezuela;Rojas;72.4;135;4;4;3;5;4;4;5;3;4;4;3;5;4;4;5;3;4;4;332;309;140;506;345;397;424;140;394;368;163;479;313;236;459;179;308;354;10;16;12;4;9;2;7;17;6;11;13;1;8;18;5;14;15;3
Shalom;Azules;72;132;4;4;5;4;4;5;3;3;4;4;4;5;4;4;5;3;3;4;359;404;497;304;391;494;186;211;331;359;404;497;304;391;494;186;211;331;9;5;7;13;3;1;17;15;11;10;6;8;14;4;2;18;16;12
Shalom;Blancas;71.4;131;4;4;5;4;4;5;3;3;4;4;4;5;4;4;5;3;3;4;359;392;485;294;381;487;134;206;327;359;392;485;294;381;487;134;206;327;9;5;7;13;3;1;17;15;11;10;6;8;14;4;2;18;16;12
Shalom;B/R;77.7;153;4;4;5;4;4;5;3;3;4;4;4;5;4;4;5;3;3;4;359;392;485;294;381;487;134;206;327;359;392;485;294;381;487;134;206;327;9;5;7;13;3;1;17;15;11;10;6;8;14;4;2;18;16;12
Shalom;Rojas;72;136;4;4;5;4;4;5;3;3;4;4;4;5;4;4;5;3;3;4;345;332;413;285;281;395;124;170;321;345;332;413;285;281;395;124;170;321;9;5;7;13;3;1;17;15;11;10;6;8;14;4;2;18;16;12
Tennis Golf Club;Azules;67.8;137;3;5;4;4;4;4;3;5;3;3;5;4;4;4;4;3;5;3;152;495;331;398;297;368;187;530;155;152;495;331;398;297;368;187;530;155;16;12;8;6;10;2;14;4;18;15;11;7;5;9;1;13;3;17
Tennis Golf Club;Blancas;67.8;125;3;5;4;4;4;4;3;5;3;3;5;4;4;4;4;3;5;3;144;474;321;386;327;361;183;510;149;144;474;321;386;327;361;183;510;149;16;12;8;6;10;2;14;4;18;15;11;7;5;9;1;13;3;17
Tennis Golf Club;Rojas;71;132;3;5;4;4;4;4;3;5;3;3;5;4;4;4;4;3;5;3;131;439;315;326;290;355;169;410;146;131;439;315;326;290;355;169;410;146;16;12;8;6;10;2;14;4;18;15;11;7;5;9;1;13;3;17
UMB Golf Club;Azules;71.3;138;4;5;3;4;4;5;4;3;4;4;3;4;5;4;3;5;4;4;379;584;188;409;395;515;398;182;395;378;165;449;467;400;172;465;384;452;5;1;15;13;9;3;7;17;11;12;18;6;4;14;16;2;10;8
UMB Golf Club;Blancas;70.2;133;4;5;3;4;4;5;4;3;4;4;3;4;5;4;3;5;4;4;362;569;175;392;373;490;385;171;384;367;153;430;455;382;160;453;363;440;5;1;15;13;9;3;7;17;11;12;18;6;4;14;16;2;10;8
UMB Golf Club;Rojas;73.1;131;4;5;3;4;4;5;4;3;4;4;3;4;5;4;3;5;4;4;345;486;130;319;318;395;371;160;369;333;141;365;442;309;132;420;295;355;5;1;15;13;9;3;7;17;11;12;18;6;4;14;16;2;10;8
